"file_orig","registered_orig","spoiled_orig","cast_orig","rejected_orig","disputed_orig","objected_orig","valid_votes_orig","comments_orig","registered_fin","spoiled_fin","cast_fin","rejected_fin","disputed_fin","objected_fin","valid_votes_fin","comments_fin","registered_diff","spoiled_diff","cast_diff","rejected_diff","disputed_diff","objected_diff","valid_votes_diff"
"001-002-0006-003-1.pdf",755,1,529,8,0,0,522,NA,755,1,528,7,0,0,521,NA,0,0,-1,-1,0,0,-1
"001-002-0006-008-3.pdf",761,4,343,0,0,0,338,NA,761,4,344,6,0,0,338,NA,0,0,1,6,0,0,0
"001-002-0008-014-5.pdf",660,0,452,19,0,0,443,NA,660,0,453,10,0,0,443,NA,0,0,1,-9,0,0,0
"001-002-0008-019-2.pdf",781,8,623,9,0,0,617,NA,781,8,628,9,0,0,617,NA,0,0,5,0,0,0,0
"001-003-0012-020-1.pdf",547,1,NA,4,0,0,NA,NA,547,1,335,4,0,0,331,"This is a hand-written record and is of a different format",0,0,NA,0,0,0,NA
"001-004-0016-004-5.pdf",484,0,484,1,0,0,483,NA,687,0,484,1,0,0,483,NA,203,0,0,0,0,0,0
"001-004-0019-019-4.pdf",624,1,444,11,0,0,444,NA,624,0,444,1,0,0,443,NA,0,-1,0,-10,0,0,-1
"001-004-0019-021-1.pdf",726,5,447,5,0,0,437,NA,726,5,442,5,0,0,437,NA,0,0,-5,0,0,0,0
"001-004-0019-021-3.pdf",726,3,NA,2,0,0,408,NA,726,3,410,2,0,0,408,NA,0,0,NA,0,0,0,0
"001-004-0020-023-1.pdf",722,3,524,0,0,0,521,NA,722,3,521,0,0,0,521,NA,0,0,-3,0,0,0,0
"001-005-0021-003-2.pdf",686,0,454,1,0,0,453,NA,686,0,453,1,0,0,452,NA,0,0,-1,0,0,0,-1
"001-005-0022-013-4.pdf",638,1,388,10,0,0,373,NA,638,1,382,10,0,0,372,NA,0,0,-6,0,0,0,-1
"001-006-0026-005-1.pdf",507,0,363,6,0,0,369,NA,507,0,369,6,0,0,363,NA,0,0,6,0,0,0,-6
"001-006-0026-012-1.pdf",592,2,424,3,0,0,426,NA,592,2,429,3,0,0,426,NA,0,0,5,0,0,0,0
"001-006-0027-013-3.pdf",707,0,470,7,0,0,463,NA,707,0,470,9,0,0,461,NA,0,0,0,2,0,0,-2
"001-006-0027-017-1.pdf",750,4,502,7,0,0,502,NA,750,6,502,7,0,0,495,NA,0,2,0,0,0,0,-7
"001-006-0028-032-1.pdf",648,0,454,NA,0,0,NA,NA,648,0,454,6,0,0,448,NA,0,0,0,NA,0,0,NA
"001-006-0029-044-1.pdf",744,3,478,NA,0,0,NA,NA,744,3,478,2,0,0,476,NA,0,0,0,NA,0,0,NA
"001-006-0030-050-2.pdf",752,24,598,3,0,1,598,NA,752,34,598,3,0,0,595,NA,0,10,0,0,0,-1,-3
"002-007-0032-016-1.pdf",549,0,361,0,0,0,361,NA,545,0,361,0,0,0,361,NA,-4,0,0,0,0,0,0
"002-007-0033-026-1.pdf",344,1,271,7,0,0,265,NA,344,1,271,6,0,0,265,NA,0,0,0,-1,0,0,0
"002-007-0034-053-1.pdf",486,1,391,1,0,0,377,NA,486,1,390,1,0,0,389,NA,0,0,-1,0,0,0,12
"002-008-0037-058-1.pdf",279,0,194,10,0,0,185,NA,279,0,195,10,0,0,185,NA,0,0,1,0,0,0,0
"002-009-0039-023-4.pdf",650,2,359,2,0,0,357,NA,650,2,355,2,0,0,353,NA,0,0,-4,0,0,0,-4
"002-009-0040-035-1.pdf",619,1,337,1,0,0,336,NA,619,1,340,1,0,0,336,"I am not sure if casted's final is 340 or 337",0,0,3,0,0,0,0
"002-010-0049-141-1.pdf",312,0,NA,0,0,0,NA,NA,312,0,221,0,0,0,221,NA,0,0,NA,0,0,0,NA
"003-011-0052-012-6.pdf",693,0,NA,1,0,0,402,NA,693,0,404,1,0,0,403,NA,0,0,NA,0,0,0,1
"003-011-0053-027-1.pdf",566,0,374,2,0,0,374,NA,566,0,372,2,0,0,370,NA,0,0,-2,0,0,0,-4
"003-011-0053-030-1.pdf",603,0,417,3,0,0,417,NA,603,0,420,3,0,0,417,NA,0,0,3,0,0,0,0
"003-011-0057-080-1.pdf",309,1,237,6,0,0,236,NA,309,1,237,0,0,0,237,NA,0,0,0,-6,0,0,1
"003-012-0059-024-1.pdf",272,1,213,3,0,0,210,NA,272,1,212,3,0,0,209,NA,0,0,-1,0,0,0,-1
"003-012-0060-028-8.pdf",750,2,470,5,0,0,465,NA,750,2,475,10,0,0,465,NA,0,0,5,5,0,0,0
"003-013-0063-012-1.pdf",293,NA,184,1,0,0,183,NA,293,0,184,1,0,0,183,NA,0,NA,0,0,0,0,0
"003-013-0065-039-1.pdf",522,4,NA,2,0,0,309,NA,522,4,311,2,0,0,309,NA,0,0,NA,0,0,0,0
"003-013-0065-042-1.pdf",531,0,299,2,0,0,296,NA,531,0,298,2,0,0,296,NA,0,0,-1,0,0,0,0
"003-013-0066-067-1.pdf",417,1,267,0,0,NA,267,NA,417,1,267,0,0,0,267,NA,0,0,0,0,0,NA,0
"003-014-0070-031-1.pdf",NA,0,358,6,0,0,350,NA,538,0,358,4,0,0,354,NA,NA,0,0,-2,0,0,4
"003-014-0070-042-1.pdf",630,1,372,7,0,0,315,NA,630,1,372,7,0,0,365,NA,0,0,0,0,0,0,50
"003-015-0072-043-1.pdf",503,2,312,4,0,0,312,NA,503,2,312,4,0,0,306,NA,0,0,0,0,0,0,-6
"003-016-0079-054-1.pdf",578,1,401,1,0,0,399,NA,578,1,401,2,0,0,399,NA,0,0,0,1,0,0,0
"003-017-0081-034-1.pdf",NA,0,NA,7,0,0,449,NA,582,0,456,7,0,0,449,NA,NA,0,NA,0,0,0,0
"004-018-0087-020-1.pdf",325,2,252,3,0,0,249,NA,325,2,255,3,0,0,252,NA,0,0,3,0,0,0,3
"005-021-0101-013-1.pdf",785,0,714,29,0,0,NA,NA,785,0,714,29,0,0,685,NA,0,0,0,0,0,0,NA
"006-025-0122-043-1.pdf",463,1,362,2,0,0,360,NA,463,1,363,2,0,0,361,NA,0,0,1,0,0,0,1
"006-026-0129-057-1.pdf",447,0,399,8,0,0,399,NA,447,0,399,8,0,0,391,NA,0,0,0,0,0,0,-8
"006-026-0130-063-1.pdf",779,1,615,2,0,0,611,NA,779,1,615,4,0,0,611,NA,0,0,0,2,0,0,0
"007-027-0133-025-3.pdf",768,0,388,4,0,0,384,NA,768,0,392,4,0,0,388,NA,0,0,4,0,0,0,4
"007-028-0138-020-1.pdf",556,1,498,1,0,0,492,NA,556,1,498,1,0,0,497,NA,0,0,0,0,0,0,5
"007-029-0141-010-1.pdf",532,25,471,0,0,0,475,NA,532,25,475,0,0,0,475,NA,0,0,4,0,0,0,0
"007-030-0149-018-1.pdf",342,1,314,0,0,0,314,NA,342,1,313,0,0,0,315,NA,0,0,-1,0,0,0,1
"008-034-0168-001-2.pdf",587,7,444,7,0,0,437,NA,587,0,444,7,0,0,437,NA,0,-7,0,0,0,0,0
"008-034-0168-001-3.pdf",586,0,NA,0,0,0,430,NA,586,0,430,0,0,0,430,NA,0,0,NA,0,0,0,0
"008-036-0177-021-2.pdf",520,2,453,5,0,0,450,NA,520,2,453,3,0,0,450,NA,0,0,0,-2,0,0,0
"008-036-0178-028-1.pdf",628,2,535,1,0,0,534,NA,624,2,535,1,0,0,534,NA,-4,0,0,0,0,0,0
"008-037-0180-009-1.pdf",614,1,595,2,0,0,493,NA,614,1,495,2,0,0,493,NA,0,0,-100,0,0,0,0
"008-038-0186-036-1.pdf",397,0,366,17,0,0,356,NA,397,0,366,10,0,0,356,NA,0,0,0,-7,0,0,0
"008-038-0188-077-1.pdf",413,1,365,1,0,0,354,NA,413,1,355,1,0,0,354,NA,0,0,-10,0,0,0,0
"009-041-0204-026-1.pdf",625,2,603,6,0,0,605,NA,625,2,603,6,0,0,597,NA,0,0,0,0,0,0,-8
"009-041-0205-042-1.pdf",458,0,395,0,0,0,393,NA,458,0,395,0,0,0,395,NA,0,0,0,0,0,0,2
"009-042-0209-036-1.pdf",179,1,176,0,0,0,179,NA,179,1,179,0,0,0,179,NA,0,0,3,0,0,0,0
"010-045-0223-033-4.pdf",NA,1,562,0,0,0,561,NA,611,1,562,1,0,0,561,NA,NA,0,0,1,0,0,0
"010-045-0225-060-1.pdf",641,1,548,3,0,0,548,NA,641,1,548,3,0,0,545,"The stream says it's ""A."" Shouldn't it be a number instead?",0,0,0,0,0,0,-3
"012-051-0252-024-1.pdf",446,2,435,8,0,8,427,NA,446,2,435,8,0,0,427,NA,0,0,0,0,0,-8,0
"012-051-0253-046-1.pdf",234,NA,201,5,0,0,196,NA,234,0,201,5,0,0,196,NA,0,NA,0,0,0,0,0
"012-051-0253-048-1.pdf",439,0,NA,2,0,0,390,NA,439,0,390,2,0,0,388,NA,0,0,NA,0,0,0,-2
"012-051-0255-088-1.pdf",180,0,169,3,0,0,166,NA,180,0,167,3,0,0,164,NA,0,0,-2,0,0,0,-2
"012-052-0256-015-1.pdf",539,1,497,3,0,0,497,NA,539,1,497,3,0,0,494,NA,0,0,0,0,0,0,-3
"012-052-0256-020-1.pdf",783,0,654,13,0,0,648,NA,783,0,654,13,0,0,641,NA,0,0,0,0,0,0,-7
"012-052-0257-029-2.pdf",491,0,NA,0,0,0,412,NA,491,0,414,0,0,0,414,NA,0,0,NA,0,0,0,2
"012-052-0257-036-1.pdf",123,0,NA,3,0,0,111,NA,123,0,107,0,0,0,107,NA,0,0,NA,-3,0,0,-4
"012-052-0258-066-1.pdf",567,3,486,6,0,0,481,NA,567,3,487,6,0,0,481,NA,0,0,1,0,0,0,0
"012-052-0259-088-1.pdf",776,1,NA,5,0,0,NA,NA,776,1,673,5,0,0,668,NA,0,0,NA,0,0,0,NA
"012-052-0259-092-1.pdf",616,1,548,3,0,0,544,NA,616,1,547,3,0,0,544,NA,0,0,-1,0,0,0,0
"012-053-0264-062-1.pdf",284,1,258,4,0,0,254,NA,284,1,259,4,0,0,254,"For casted, not sure if 259 or 258 is the final.",0,0,1,0,0,0,0
"012-053-0265-080-1.pdf",318,1,306,4,0,0,302,NA,318,1,307,4,0,0,302,NA,0,0,1,0,0,0,0
"012-054-0266-002-1.pdf",424,0,364,6,0,0,360,NA,424,0,364,4,0,0,360,NA,0,0,0,-2,0,0,0
"012-055-0271-017-1.pdf",428,1,389,3,0,0,387,NA,428,1,390,3,0,0,387,NA,0,0,1,0,0,0,0
"012-055-0275-091-1.pdf",547,3,NA,0,0,489,NA,NA,547,3,491,0,0,489,NA,NA,0,0,NA,0,0,0,NA
"012-056-0276-014-3.pdf",791,0,617,NA,0,0,610,NA,791,0,617,7,0,0,610,NA,0,0,0,NA,0,0,0
"012-056-0277-021-2.pdf",NA,NA,504,2,0,0,502,NA,520,3,504,2,0,0,502,NA,NA,NA,0,0,0,0,0
"012-056-0278-049-2.pdf",446,1,372,3,0,0,372,NA,446,1,375,3,0,0,372,NA,0,0,3,0,0,0,0
"012-056-0280-075-1.pdf",568,1,474,1,0,0,473,NA,568,1,473,1,0,0,472,NA,0,0,-1,0,0,0,-1
"012-056-0280-092-1.pdf",254,2,213,1,0,0,212,NA,254,2,213,3,0,0,210,NA,0,0,0,2,0,0,-2
"012-057-0281-017-1.pdf",489,2,458,5,0,0,457,NA,489,2,456,5,0,0,457,NA,0,0,-2,0,0,0,0
"012-057-0282-038-1.pdf",182,1,162,2,0,0,164,NA,182,1,164,2,0,0,162,NA,0,0,2,0,0,0,-2
"012-057-0289-091-1.pdf",639,0,552,NA,0,0,NA,NA,639,0,552,10,0,0,542,NA,0,0,0,NA,0,0,NA
"012-057-0289-104-2.pdf",439,0,375,NA,0,0,374,NA,439,0,375,3,0,0,372,NA,0,0,0,NA,0,0,-2
"012-058-0285-003-1.pdf",358,1,324,1,0,0,322,NA,358,1,324,1,0,0,323,NA,0,0,0,0,0,0,1
"012-058-0285-022-1.pdf",235,1,219,0,0,0,209,NA,235,1,209,0,0,0,209,NA,0,0,-10,0,0,0,0
"012-058-0286-031-1.pdf",427,1,381,0,0,0,380,NA,427,1,380,0,0,0,380,NA,0,0,-1,0,0,0,0
"012-058-0288-097-1.pdf",335,0,275,5,0,0,270,NA,335,0,275,4,0,0,271,NA,0,0,0,-1,0,0,1
"012-059-0290-010-1.pdf",428,4,364,2,0,0,36,NA,428,4,364,3,0,0,36,NA,0,0,0,1,0,0,0
"012-059-0290-014-1.pdf",412,3,NA,2,0,0,383,NA,412,3,386,2,0,0,374,NA,0,0,NA,0,0,0,-9
"012-059-0291-039-1.pdf",338,1,319,0,0,0,316,NA,338,1,317,0,0,0,317,NA,0,0,-2,0,0,0,1
"012-059-0291-041-2.pdf",466,0,422,NA,0,0,422,NA,466,0,424,2,0,0,422,NA,0,0,2,NA,0,0,0
"012-059-0294-102-1.pdf",516,1,470,7,0,0,462,NA,516,1,473,7,0,0,466,NA,0,0,3,0,0,0,4
"012-059-0294-105-1.pdf",236,0,220,0,0,0,220,NA,236,0,220,0,0,0,219,NA,0,0,0,0,0,0,-1
"012-059-0295-119-1.pdf",645,2,575,8,0,0,567,NA,645,0,575,8,0,0,567,NA,0,-2,0,0,0,0,0
"013-060-0296-020-1.pdf",113,1,85,0,0,0,84,NA,113,0,85,1,0,0,84,NA,0,-1,0,1,0,0,0
"013-060-0300-152-1.pdf",454,0,NA,0,0,0,NA,NA,454,0,405,0,0,0,405,NA,0,0,NA,0,0,0,NA
"013-060-0300-156-1.pdf",313,1,279,2,0,0,276,NA,313,0,279,3,0,0,276,NA,0,-1,0,1,0,0,0
"013-061-0301-001-1.pdf",844,2,350,4,0,0,348,NA,844,2,352,4,0,0,348,NA,0,0,2,0,0,0,0
"013-061-0302-039-1.pdf",579,3,369,2,0,0,366,NA,579,3,369,3,0,0,366,NA,0,0,0,1,0,0,0
"013-062-0307-057-1.pdf",234,0,NA,0,0,0,208,NA,234,0,208,0,0,0,208,NA,0,0,NA,0,0,0,0
"014-063-0316-142-2.pdf",972,2,367,2,0,0,363,NA,972,2,365,2,0,0,363,NA,0,0,-2,0,0,0,0
"014-064-0320-059-1.pdf",340,0,322,4,0,0,319,NA,340,0,322,3,0,0,319,NA,0,0,0,-1,0,0,0
"014-065-0325-071-1.pdf",456,1,385,11,0,0,373,NA,456,1,385,11,0,0,374,NA,0,0,0,0,0,0,1
"014-065-0327-128-2.pdf",450,4,389,7,0,0,385,NA,450,4,389,7,0,0,382,NA,0,0,0,0,0,0,-3
"014-065-0327-133-1.pdf",102,0,90,2,0,NA,90,NA,102,0,90,2,0,NA,88,NA,0,0,0,0,0,NA,-2
"015-067-0332-065-1.pdf",80,1,73,0,0,0,73,NA,80,1,74,0,0,0,73,NA,0,0,1,0,0,0,0
"015-067-0334-182-1.pdf",164,0,131,0,0,0,NA,NA,164,0,131,0,0,0,121,NA,0,0,0,0,0,0,NA
"015-068-0338-082-1.pdf",344,0,294,7,0,0,286,NA,344,0,293,7,0,0,287,NA,0,0,-1,0,0,0,1
"015-070-0348-088-2.pdf",667,2,548,0,0,0,546,NA,667,0,548,2,0,0,546,NA,0,-2,0,2,0,0,0
"015-070-0348-089-1.pdf",338,0,NA,3,0,0,293,NA,338,0,296,3,0,0,293,NA,0,0,NA,0,0,0,0
"015-071-0350-016-1.pdf",176,NA,NA,0,0,0,159,NA,176,2,159,0,0,0,159,NA,0,NA,NA,0,0,0,0
"015-071-0350-046-1.pdf",310,0,265,NA,0,0,NA,NA,310,0,265,3,0,0,262,NA,0,0,0,NA,0,0,NA
"015-071-0352-082-1.pdf",131,0,120,2,0,0,118,NA,131,0,120,2,0,0,118,"There's no error in this record",0,0,0,0,0,0,0
"015-074-0365-001-1.pdf",194,0,172,0,0,0,171,NA,194,0,172,1,0,0,171,NA,0,0,0,1,0,0,0
"016-075-0371-035-1.pdf",210,0,182,1,0,0,181,NA,210,0,182,1,0,0,181,"There's no error in this record",0,0,0,0,0,0,0
"016-075-0373-087-1.pdf",141,2,134,3,0,0,131,NA,141,3,133,2,0,0,131,NA,0,1,-1,-1,0,0,0
"016-076-0377-033-1.pdf",360,1,319,2,0,0,317,NA,360,1,319,2,0,0,317,NA,0,0,0,0,0,0,0
"016-076-0377-037-1.pdf",233,1,216,0,0,0,215,NA,233,1,215,0,0,0,215,NA,0,0,-1,0,0,0,0
"016-076-0380-108-1.pdf",272,0,251,0,0,0,250,NA,272,0,251,1,0,1,250,NA,0,0,0,1,0,1,0
"016-077-0381-013-1.pdf",386,3,333,2,0,0,330,NA,386,3,332,2,0,0,330,NA,0,0,-1,0,0,0,0
"016-077-0383-055-1.pdf",495,0,442,2,0,0,NA,NA,495,0,442,4,0,0,438,NA,0,0,0,2,0,0,NA
"016-078-0385-004-1.pdf",403,0,332,1,0,0,330,NA,403,0,332,2,0,0,330,NA,0,0,0,1,0,0,0
"016-078-0385-005-2.pdf",NA,1,601,1,0,0,600,NA,722,1,601,1,0,0,600,NA,NA,0,0,0,0,0,0
"016-078-0387-034-2.pdf",526,3,403,10,0,0,393,NA,526,3,399,10,0,0,389,NA,0,0,-4,0,0,0,-4
"016-078-0388-066-1.pdf",197,1,179,2,0,0,177,NA,197,1,179,2,0,0,177,"There's no error in this record",0,0,0,0,0,0,0
"016-078-0389-092-1.pdf",271,2,237,3,0,0,232,NA,271,2,235,3,0,0,232,NA,0,0,-2,0,0,0,0
"016-079-0390-015-1.pdf",278,0,227,6,0,0,224,NA,278,0,227,6,0,0,221,NA,0,0,0,0,0,0,-3
"016-079-0392-044-1.pdf",753,0,660,2,0,0,668,NA,753,0,670,2,0,0,668,NA,0,0,10,0,0,0,0
"016-079-0392-050-1.pdf",332,1,292,1,0,0,291,NA,332,1,293,1,0,0,292,NA,0,0,1,0,0,0,1
"016-079-0392-052-1.pdf",227,3,NA,5,0,0,198,NA,227,3,209,5,0,0,204,NA,0,0,NA,0,0,0,6
"016-080-0394-005-3.pdf",633,1,499,3,0,0,497,NA,633,1,500,3,0,0,497,NA,0,0,1,0,0,0,0
"016-080-0395-020-1.pdf",649,0,NA,7,0,0,528,NA,649,0,536,7,0,0,529,NA,0,0,NA,0,0,0,1
"016-080-0396-032-5.pdf",697,69,582,2,0,0,580,NA,697,0,582,2,0,0,580,NA,0,-69,0,0,0,0,0
"016-081-0398-026-1.pdf",544,0,530,4,0,0,527,NA,544,0,531,5,0,0,526,NA,0,0,1,1,0,0,-1
"016-081-0401-073-8.pdf",760,2,NA,5,0,0,599,NA,760,2,604,5,0,0,599,NA,0,0,NA,0,0,0,0
"016-081-0402-080-1.pdf",550,0,483,NA,0,0,483,NA,550,0,483,14,0,0,469,NA,0,0,0,NA,0,0,-14
"016-081-0403-085-1.pdf",542,1,460,3,0,0,439,NA,542,1,460,2,0,0,458,NA,0,0,0,-1,0,0,19
"016-081-0403-086-1.pdf",613,0,514,3,0,0,510,NA,613,0,513,3,0,0,510,NA,0,0,-1,0,0,0,0
"017-083-0411-018-1.pdf",452,0,371,NA,0,0,372,NA,452,0,378,6,0,0,372,NA,0,0,7,NA,0,0,0
"017-083-0411-027-1.pdf",361,2,311,10,0,0,301,NA,361,2,318,10,0,0,308,NA,0,0,7,0,0,0,7
"017-083-0413-090-1.pdf",182,1,148,5,0,0,143,NA,182,1,147,4,0,0,143,NA,0,0,-1,-1,0,0,0
"017-083-0414-122-1.pdf",638,1,NA,NA,0,0,506,NA,638,1,512,6,0,0,506,NA,0,0,NA,NA,0,0,0
"017-084-0417-001-1.pdf",606,2,530,11,0,0,521,NA,606,2,532,11,0,0,521,NA,0,0,2,0,0,0,0
"017-084-0417-021-1.pdf",484,0,452,1,0,0,453,NA,484,0,452,1,0,0,451,NA,0,0,0,0,0,0,-2
"017-084-0419-055-1.pdf",499,0,428,1,0,0,427,NA,499,0,429,1,0,0,428,NA,0,0,1,0,0,0,1
"017-084-0419-056-2.pdf",642,2,527,7,0,0,527,NA,642,2,527,7,0,0,520,NA,0,0,0,0,0,0,-7
"017-086-0427-091-1.pdf",89,0,78,2,0,0,78,NA,89,0,78,0,0,0,78,NA,0,0,0,-2,0,0,0
"017-086-0430-159-1.pdf",297,2,273,2,0,0,272,NA,297,2,274,2,0,0,272,NA,0,0,1,0,0,0,0
"017-086-0430-176-1.pdf",231,0,210,0,0,0,209,NA,231,0,210,1,0,0,209,NA,0,0,0,1,0,0,0
"018-089-0441-009-1.pdf",470,1,463,4,0,0,456,NA,470,1,461,4,0,0,457,NA,0,0,-2,0,0,0,1
"018-089-0441-013-2.pdf",641,1,597,16,0,0,581,NA,648,1,597,16,0,0,581,NA,7,0,0,0,0,0,0
"018-089-0445-057-2.pdf",520,2,497,NA,0,0,493,NA,520,2,497,4,0,0,493,NA,0,0,0,NA,0,0,0
"018-089-0447-087-1.pdf",262,1,252,1,0,0,251,NA,262,0,252,1,0,0,251,NA,0,-1,0,0,0,0,0
"018-089-0448-096-1.pdf",719,1,655,7,0,0,648,NA,719,1,655,7,0,0,647,NA,0,0,0,0,0,0,-1
"018-090-0449-006-2.pdf",424,6,395,1,0,1,394,NA,424,6,395,1,0,0,394,NA,0,0,0,0,0,-1,0
"018-091-0457-054-2.pdf",418,NA,414,4,0,0,410,NA,418,0,414,4,0,0,410,NA,0,NA,0,0,0,0,0
"018-092-0459-014-1.pdf",766,NA,716,3,0,0,713,NA,766,1,716,3,0,0,713,NA,0,NA,0,0,0,0,0
"018-092-0461-040-1.pdf",NA,NA,644,1,0,0,643,NA,684,1,644,1,0,0,643,NA,NA,NA,0,0,0,0,0
"018-093-0465-063-1.pdf",701,1,637,2,0,0,635,NA,701,1,639,4,0,0,635,NA,0,0,2,2,0,0,0
"019-094-0467-030-1.pdf",NA,0,351,0,0,0,348,NA,371,2,351,3,0,0,348,NA,NA,2,0,3,0,0,0
"019-098-0487-009-1.pdf",547,0,523,1,0,0,522,NA,547,0,522,1,0,0,521,NA,0,0,-1,0,0,0,-1
"019-098-0489-035-1.pdf",708,3,665,3,0,0,662,NA,708,3,662,3,0,0,659,NA,0,0,-3,0,0,0,-3
"019-098-0489-047-1.pdf",779,2,725,5,0,0,718,NA,779,2,723,5,0,0,718,NA,0,0,-2,0,0,0,0
"019-099-0492-021-2.pdf",618,2,NA,1,0,0,578,NA,618,2,579,1,0,0,578,NA,0,0,NA,0,0,0,0
"019-099-0494-047-4.pdf",714,0,650,4,0,0,NA,NA,714,0,650,4,0,0,646,NA,0,0,0,0,0,0,NA
"019-099-0495-057-3.pdf",595,0,588,6,0,0,588,NA,646,0,595,7,0,0,588,NA,51,0,7,1,0,0,0
"020-101-0505-038-1.pdf",391,2,347,2,0,0,NA,NA,391,2,349,2,0,0,347,NA,0,0,2,0,0,0,NA
"020-101-0506-057-2.pdf",459,2,403,2,0,0,401,NA,459,2,403,2,0,0,401,NA,0,0,0,0,0,0,0
"020-103-0512-001-1.pdf",505,0,472,1,0,0,472,NA,505,0,472,1,0,0,471,NA,0,0,0,0,0,0,-1
"020-103-0513-029-1.pdf",627,0,593,6,0,0,587,NA,627,0,593,6,0,0,587,NA,0,0,0,0,0,0,0
"020-103-0514-033-4.pdf",651,0,587,NA,0,0,581,NA,651,0,587,4,0,0,581,NA,0,0,0,NA,0,0,0
"021-104-0517-023-1.pdf",526,0,510,2,0,0,508,NA,526,0,510,2,0,0,508,NA,0,0,0,0,0,0,0
"021-104-0517-026-1.pdf",724,3,675,0,0,0,675,NA,724,3,675,0,0,0,675,NA,0,0,0,0,0,0,0
"021-106-0524-048-1.pdf",557,1,515,4,0,0,NA,NA,557,1,515,4,0,0,510,NA,0,0,0,0,0,0,NA
"021-106-0524-053-1.pdf",613,3,NA,NA,0,0,570,NA,613,3,573,3,0,0,570,NA,0,0,NA,NA,0,0,0
"021-106-0525-057-2.pdf",442,1,425,2,0,0,NA,NA,442,1,425,2,0,0,423,NA,0,0,0,0,0,0,NA
"021-106-0525-061-1.pdf",602,1,-999,1,0,0,528,NA,602,1,529,1,0,0,528,NA,0,0,1528,0,0,0,0
"021-106-0525-064-1.pdf",649,2,605,2,0,0,603,NA,649,2,605,2,0,0,603,NA,0,0,0,0,0,0,0
"021-106-0526-081-1.pdf",535,1,508,8,0,0,504,NA,535,1,512,8,0,0,504,NA,0,0,4,0,0,0,0
"021-107-0531-045-2.pdf",525,0,485,5,0,0,480,NA,525,1,485,5,0,0,480,NA,0,1,0,0,0,0,0
"021-108-0536-048-1.pdf",790,5,751,0,0,0,746,NA,790,0,751,5,0,0,746,NA,0,-5,0,5,0,0,0
"021-108-0537-061-1.pdf",670,2,NA,5,0,0,657,NA,683,2,662,5,0,0,657,NA,13,0,NA,0,0,0,0
"021-108-0538-081-3.pdf",768,5,NA,2,0,0,676,NA,768,5,678,2,0,0,676,NA,0,0,NA,0,0,0,0
"021-109-0541-034-1.pdf",572,1,528,1,0,0,526,NA,572,1,527,1,0,0,526,NA,0,0,-1,0,0,0,0
"021-109-0542-043-3.pdf",540,0,497,1,0,0,495,NA,540,0,497,1,0,0,496,NA,0,0,0,0,0,0,1
"021-109-0542-051-1.pdf",NA,0,102,3,0,0,189,NA,207,0,192,3,0,0,189,NA,NA,0,90,0,0,0,0
"021-110-0548-063-1.pdf",410,5,398,28,0,0,372,NA,410,5,398,28,0,0,372,NA,0,0,0,0,0,0,0
"022-111-0551-007-2.pdf",417,2,NA,2,0,0,390,NA,417,2,392,2,0,0,390,NA,0,0,NA,0,0,0,0
"022-112-0556-021-1.pdf",383,NA,372,2,0,0,369,NA,383,1,371,2,0,0,369,NA,0,NA,-1,0,0,0,0
"022-112-0557-045-2.pdf",709,0,NA,4,0,0,673,NA,709,0,674,4,0,0,670,NA,0,0,NA,0,0,0,-3
"022-113-0561-017-1.pdf",411,0,377,2,0,0,374,NA,411,0,376,2,0,0,374,NA,0,0,-1,0,0,0,0
"022-113-0562-030-10.pdf",723,0,586,0,0,0,585,NA,723,0,585,0,0,0,585,NA,0,0,-1,0,0,0,0
"022-113-0562-030-4.pdf",724,1,574,1,0,0,574,NA,724,0,574,1,0,0,573,NA,0,-1,0,0,0,0,-1
"022-114-0564-003-3.pdf",972,1,787,4,0,0,791,NA,972,1,787,4,0,0,791,NA,0,0,0,0,0,0,0
"022-114-0564-003-7.pdf",962,0,773,6,0,0,767,NA,972,0,773,6,0,0,767,NA,10,0,0,0,0,0,0
"022-114-0566-019-2.pdf",708,2,612,1,0,0,609,NA,708,1,612,0,0,0,609,NA,0,-1,0,-1,0,0,0
"022-114-0566-020-4.pdf",756,0,NA,0,0,0,632,NA,756,0,632,0,0,0,632,NA,0,0,NA,0,0,0,0
"022-115-0570-007-7.pdf",755,0,NA,4,0,0,NA,NA,755,0,543,4,0,0,539,NA,0,0,NA,0,0,0,NA
"022-115-0570-011-2.pdf",717,4,626,1,0,0,625,NA,717,4,626,1,0,0,625,NA,0,0,0,0,0,0,0
"022-115-0573-019-2.pdf",670,1,468,3,0,0,465,NA,670,1,468,4,0,0,464,NA,0,0,0,1,0,0,-1
"022-115-0575-025-14.pdf",929,2,849,11,0,0,849,NA,929,2,860,11,0,0,849,NA,0,0,11,0,0,0,0
"022-115-0576-026-1.pdf",771,4,694,NA,0,0,683,NA,771,4,694,5,0,0,689,NA,0,0,0,NA,0,0,6
"022-116-0578-014-1.pdf",742,3,721,3,0,0,718,NA,742,3,721,3,0,0,718,NA,0,0,0,0,0,0,0
"022-116-0579-026-2.pdf",731,2,656,6,0,0,643,NA,731,2,647,4,0,0,643,NA,0,0,-9,-2,0,0,0
"022-116-0581-045-3.pdf",608,3,565,0,0,0,565,NA,608,2,565,1,0,0,564,NA,0,-1,0,1,0,0,-1
"022-118-0588-020-2.pdf",613,2,580,NA,0,0,578,NA,613,2,580,2,0,0,578,NA,0,0,0,NA,0,0,0
"022-118-0589-028-2.pdf",428,0,NA,2,0,0,409,NA,428,0,411,2,0,0,409,NA,0,0,NA,0,0,0,0
"022-118-0590-033-4.pdf",722,2,NA,2,0,0,627,NA,722,2,629,2,0,0,627,NA,0,0,NA,0,0,0,0
"022-119-0593-015-2.pdf",758,3,NA,5,0,0,702,NA,758,3,707,5,0,0,702,NA,0,0,NA,0,0,0,0
"022-119-0593-021-2.pdf",733,2,701,4,0,0,698,NA,733,2,701,3,0,0,698,NA,0,0,0,-1,0,0,0
"022-119-0594-029-2.pdf",678,0,598,4,0,0,596,NA,678,0,598,4,0,0,594,NA,0,0,0,0,0,0,-2
"022-120-0600-037-1.pdf",741,0,703,5,0,0,699,NA,741,0,703,5,0,0,698,NA,0,0,0,0,0,0,-1
"022-121-0602-009-2.pdf",733,1,730,2,0,0,728,NA,733,1,724,2,0,0,722,NA,0,0,-6,0,0,0,-6
"022-121-0602-011-1.pdf",645,1,597,3,0,0,596,NA,645,1,599,3,0,0,596,NA,0,0,2,0,0,0,0
"022-121-0602-013-4.pdf",701,3,592,6,0,0,584,NA,701,3,590,6,0,0,584,NA,0,0,-2,0,0,0,0
"022-121-0602-014-1.pdf",796,4,690,12,0,0,678,NA,796,4,690,12,0,0,678,NA,0,0,0,0,0,0,0
"022-121-0603-020-2.pdf",661,2,691,1,0,0,687,NA,661,2,693,6,0,0,687,NA,0,0,2,5,0,0,0
"022-121-0603-029-1.pdf",521,5,491,NA,0,0,488,NA,521,5,491,3,0,0,488,NA,0,0,0,NA,0,0,0
"022-122-0606-012-2.pdf",666,2,628,0,0,0,629,NA,666,2,628,0,0,0,628,NA,0,0,0,0,0,0,-1
"022-122-0607-013-2.pdf",444,0,NA,3,0,0,423,NA,444,0,426,3,0,0,423,NA,0,0,NA,0,0,0,0
"022-122-0607-025-1.pdf",751,1,721,2,0,0,720,NA,751,1,721,2,0,0,719,NA,0,0,0,0,0,0,-1
"022-122-0608-041-2.pdf",453,1,NA,6,0,0,426,NA,453,1,432,6,0,0,426,NA,0,0,NA,0,0,0,0
"022-122-0609-052-1.pdf",488,2,NA,2,0,0,462,NA,488,2,464,2,0,0,462,NA,0,0,NA,0,0,0,0
"022-122-0610-054-2.pdf",694,1,656,1,0,0,654,NA,694,1,656,2,0,0,654,NA,0,0,0,1,0,0,0
"023-123-0613-054-1.pdf",140,1,48,0,0,0,48,NA,140,0,48,1,0,0,47,NA,0,-1,0,1,0,0,-1
"023-124-0621-053-1.pdf",129,4,88,0,0,0,83,NA,129,4,85,0,0,0,83,NA,0,0,-3,0,0,0,0
"023-125-0627-086-4.pdf",751,0,587,6,0,0,580,NA,751,0,587,7,0,0,580,NA,0,0,0,1,0,0,0
"023-127-0637-073-1.pdf",476,1,NA,1,0,0,339,NA,476,1,339,1,0,0,338,NA,0,0,NA,0,0,0,-1
"024-129-0646-159-1.pdf",236,2,204,2,0,0,202,NA,236,2,202,1,0,0,201,NA,0,0,-2,-1,0,0,-1
"024-132-0658-088-1.pdf",243,0,218,0,0,0,218,NA,243,0,218,0,0,0,218,NA,0,0,0,0,0,0,0
"025-133-0664-080-1.pdf",224,4,213,4,0,0,209,NA,224,0,213,4,0,0,209,NA,0,-4,0,0,0,0,0
"026-136-0676-012-1.pdf",448,0,363,4,0,0,359,NA,448,0,367,4,0,0,363,NA,0,0,4,0,0,0,4
"026-136-0679-060-5.pdf",673,0,429,8,0,0,421,NA,673,3,429,8,0,0,421,NA,0,3,0,0,0,0,0
"026-137-0681-018-2.pdf",NA,0,551,8,0,0,543,NA,672,0,551,8,0,0,543,"In stream, had 'B'. Wrote 2",NA,0,0,0,0,0,0
"026-137-0682-030-1.pdf",743,1,636,21,0,0,615,NA,743,1,636,14,0,0,622,NA,0,0,0,-7,0,0,7
"026-138-0684-021-3.pdf",540,3,440,10,0,0,440,NA,540,3,450,10,0,0,440,NA,0,0,10,0,0,0,0
"026-138-0684-024-1.pdf",392,2,397,11,0,0,386,NA,592,2,397,11,0,0,386,NA,200,0,0,0,0,0,0
"026-138-0686-037-1.pdf",270,1,239,2,0,0,236,NA,270,1,239,2,0,0,237,NA,0,0,0,0,0,0,1
"026-139-0688-007-2.pdf",689,0,NA,NA,0,0,530,NA,689,0,553,23,0,0,530,NA,0,0,NA,NA,0,0,0
"026-139-0692-040-2.pdf",673,0,533,4,0,0,526,NA,673,0,533,7,0,0,526,NA,0,0,0,3,0,0,0
"026-139-0693-044-1.pdf",799,3,582,10,0,1,571,NA,799,3,587,10,0,1,576,NA,0,0,5,0,0,0,5
"026-139-0693-045-1.pdf",619,1,NA,11,0,0,374,NA,619,1,385,11,0,0,374,NA,0,0,NA,0,0,0,0
"026-140-0694-001-2.pdf",512,0,454,8,0,0,454,NA,512,0,456,8,0,0,448,NA,0,0,2,0,0,0,-6
"027-141-0703-017-1.pdf",146,0,143,2,0,0,140,NA,146,0,142,2,0,0,140,NA,0,0,-1,0,0,0,0
"027-141-0707-085-3.pdf",619,0,520,1,0,0,519,NA,619,0,521,1,0,0,520,NA,0,0,1,0,0,0,1
"027-142-0708-003-2.pdf",507,1,440,NA,0,0,435,NA,507,1,440,5,0,0,435,NA,0,0,0,NA,0,0,0
"027-142-0710-036-2.pdf",477,4,418,0,0,0,415,NA,477,4,418,3,0,0,415,NA,0,0,0,3,0,0,0
"027-142-0712-063-1.pdf",394,1,728,12,0,0,717,NA,794,1,729,12,0,0,716,NA,400,0,1,0,0,0,-1
"027-142-0712-063-3.pdf",794,3,NA,3,0,0,603,NA,794,3,606,3,0,0,603,NA,0,0,NA,0,0,0,0
"027-142-0712-065-1.pdf",729,5,576,13,0,0,563,NA,721,5,576,13,0,0,563,NA,-8,0,0,0,0,0,0
"027-142-0713-070-8.pdf",977,6,671,13,0,0,NA,NA,977,6,671,13,0,0,658,NA,0,0,0,0,0,0,NA
"027-143-0718-085-2.pdf",706,2,704,6,0,0,706,NA,706,2,704,0,0,0,704,NA,0,0,0,-6,0,0,-2
"027-144-0720-034-1.pdf",344,1,317,3,0,0,312,NA,344,1,317,5,0,0,312,NA,0,0,0,2,0,0,0
"027-145-0724-038-1.pdf",447,1,398,3,0,0,395,NA,448,1,398,3,0,0,395,NA,1,0,0,0,0,0,0
"027-146-0729-055-1.pdf",406,0,375,3,0,0,373,NA,406,0,377,4,0,0,373,NA,0,0,2,1,0,0,0
"027-146-0730-072-2.pdf",625,3,698,1,0,0,597,NA,625,3,598,1,0,0,597,NA,0,0,-100,0,0,0,0
"027-146-0730-082-1.pdf",469,1,NA,NA,0,0,457,NA,469,1,457,0,0,0,457,NA,0,0,NA,NA,0,0,0
"028-147-0733-112-1.pdf",245,0,222,3,0,0,219,NA,245,0,222,5,0,0,217,NA,0,0,0,2,0,0,-2
"028-148-0739-115-1.pdf",NA,0,179,6,0,0,173,NA,177,0,179,6,0,0,173,NA,NA,0,0,0,0,0,0
"028-149-0742-020-1.pdf",427,1,395,1,0,0,NA,NA,427,1,395,1,0,0,394,NA,0,0,0,0,0,0,NA
"028-149-0743-061-1.pdf",423,0,NA,2,0,0,383,NA,423,0,386,2,0,0,384,NA,0,0,NA,0,0,0,1
"029-151-0751-033-1.pdf",207,0,200,1,0,0,190,NA,207,0,200,1,0,0,197,NA,0,0,0,0,0,0,7
"029-152-0755-015-1.pdf",222,0,207,2,0,0,205,NA,222,0,205,0,0,0,205,NA,0,0,-2,-2,0,0,0
"029-152-0755-017-1.pdf",221,0,194,4,0,0,190,NA,222,0,194,4,0,0,190,NA,1,0,0,0,0,0,0
"029-153-0762-060-1.pdf",276,3,248,0,0,0,248,NA,276,3,245,0,0,0,245,NA,0,0,-3,0,0,0,-3
"029-153-0764-096-1.pdf",265,0,252,1,0,0,251,NA,265,0,252,1,0,0,251,NA,0,0,0,0,0,0,0
"029-154-0769-080-1.pdf",NA,14,608,0,0,0,594,NA,705,14,608,14,0,0,594,NA,NA,0,0,14,0,0,0
"029-156-0777-055-2.pdf",499,0,451,8,0,0,145,"Error was in the words, wrote it down anyways",499,0,453,8,0,0,445,NA,0,0,2,0,0,0,300
"030-158-0788-012-1.pdf",259,1,252,0,0,0,251,NA,259,0,252,1,0,0,251,NA,0,-1,0,1,0,0,0
"030-158-0790-080-1.pdf",401,2,373,1,0,0,370,NA,401,0,373,3,0,0,370,NA,0,-2,0,2,0,0,0
"030-161-0804-123-1.pdf",36,0,36,0,0,3,36,NA,36,0,36,0,0,0,36,NA,0,0,0,0,0,-3,0
"030-161-0804-146-1.pdf",80,0,74,1,0,0,74,NA,80,0,74,1,0,0,73,NA,0,0,0,0,0,0,-1
"031-164-0817-004-1.pdf",159,0,143,1,0,0,143,NA,159,0,143,1,0,0,142,NA,0,0,0,0,0,0,-1
"031-165-0822-025-1.pdf",357,1,311,2,0,0,313,NA,357,1,313,2,0,0,311,NA,0,0,2,0,0,0,-2
"032-166-0827-014-3.pdf",798,0,695,NA,0,0,691,NA,798,0,695,4,0,0,691,NA,0,0,0,NA,0,0,0
"032-166-0828-030-1.pdf",592,1,507,3,0,0,507,NA,592,1,507,3,0,0,504,NA,0,0,0,0,0,0,-3
"032-166-0829-039-3.pdf",2974,4,687,2,0,0,683,NA,2974,4,681,4,0,0,677,NA,0,0,-6,2,0,0,-6
"032-166-0829-039-4.pdf",691,1,NA,5,0,1,552,NA,691,1,560,5,0,1,554,NA,0,0,NA,0,0,0,2
"032-167-0835-074-1.pdf",634,1,572,2,0,0,568,NA,634,1,572,4,0,0,568,NA,0,0,0,2,0,0,0
"032-168-0840-055-2.pdf",470,0,422,2,0,0,418,NA,470,0,422,4,0,0,418,NA,0,0,0,2,0,0,0
"032-168-0843-084-2.pdf",784,3,684,4,0,0,677,NA,784,3,681,4,0,0,677,NA,0,0,-3,0,0,0,0
"032-169-0845-018-1.pdf",409,0,371,1,0,0,370,NA,409,1,371,1,0,0,370,NA,0,1,0,0,0,0,0
"032-169-0846-041-1.pdf",205,1,197,0,0,0,167,NA,205,1,197,0,0,0,197,NA,0,0,0,0,0,0,30
"032-170-0850-020-1.pdf",308,0,281,4,0,0,281,NA,308,0,285,4,0,0,281,NA,0,0,4,0,0,0,0
"032-171-0856-060-1.pdf",762,1,657,10,0,0,646,NA,762,1,656,10,0,0,646,NA,0,0,-1,0,0,0,0
"032-171-0856-066-2.pdf",1407,0,459,3,0,0,466,NA,1407,0,459,3,0,0,456,NA,0,0,0,0,0,0,-10
"032-172-0858-038-1.pdf",445,1,393,3,0,0,392,NA,445,1,393,1,0,0,392,NA,0,0,0,-2,0,0,0
"032-173-0861-027-1.pdf",619,0,514,7,0,0,NA,NA,619,0,514,7,0,0,501,NA,0,0,0,0,0,0,NA
"032-173-0862-054-1.pdf",154,1,139,3,0,0,137,NA,154,1,139,3,0,0,136,NA,0,0,0,0,0,0,-1
"032-173-0862-074-1.pdf",436,1,356,3,0,0,349,NA,436,1,356,7,0,0,349,NA,0,0,0,4,0,0,0
"032-174-0865-007-1.pdf",360,0,336,1,0,0,333,NA,360,0,335,1,0,0,333,NA,0,0,-1,0,0,0,0
"032-174-0865-021-1.pdf",752,0,708,0,0,0,703,NA,752,0,708,0,0,0,708,NA,0,0,0,0,0,0,5
"032-176-0876-016-1.pdf",747,1,676,1,0,0,676,NA,747,1,676,1,0,0,675,NA,0,0,0,0,0,0,-1
"032-176-0879-035-7.pdf",706,1,679,1,0,0,679,NA,706,1,700,1,0,0,679,NA,0,0,21,0,0,0,0
"033-177-0881-032-1.pdf",214,0,194,0,0,0,193,NA,214,0,194,1,0,0,193,NA,0,0,0,1,0,0,0
"033-177-0885-103-2.pdf",415,1,393,2,0,0,390,NA,415,1,393,3,0,0,390,NA,0,0,0,1,0,0,0
"033-178-0887-014-1.pdf",682,0,641,NA,0,0,534,NA,682,0,641,7,0,0,534,NA,0,0,0,NA,0,0,0
"033-178-0888-030-1.pdf",374,2,353,0,0,0,351,NA,374,1,353,2,0,0,351,NA,0,-1,0,2,0,0,0
"033-178-0888-032-1.pdf",256,1,NA,5,0,0,224,NA,256,1,22,5,0,0,223,NA,0,0,NA,0,0,0,-1
"033-179-0891-002-1.pdf",600,3,NA,0,0,0,NA,NA,601,3,583,0,0,0,583,NA,1,0,NA,0,0,0,NA
"033-179-0893-025-6.pdf",828,3,815,0,0,0,NA,NA,828,0,813,0,0,0,815,NA,0,-3,-2,0,0,0,NA
"033-179-0893-026-3.pdf",710,1,527,2,0,0,524,NA,710,1,527,3,0,0,524,NA,0,0,0,1,0,0,0
"033-179-0893-027-1.pdf",444,1,425,0,0,0,424,NA,444,1,425,1,0,0,425,NA,0,0,0,1,0,0,1
"033-179-0893-029-1.pdf",468,0,437,NA,0,0,433,NA,468,0,436,3,0,0,433,NA,0,0,-1,NA,0,0,0
"033-179-0893-037-1.pdf",644,0,517,4,0,0,516,NA,644,0,517,1,0,0,516,NA,0,0,0,-3,0,0,0
"033-179-0896-080-1.pdf",741,0,723,3,0,0,NA,NA,741,0,720,3,0,0,717,NA,0,0,-3,0,0,0,NA
"033-180-0900-053-2.pdf",502,0,464,1,0,0,463,NA,502,1,464,1,0,0,463,NA,0,1,0,0,0,0,0
"033-181-0902-041-1.pdf",447,0,448,3,0,0,445,NA,477,0,448,3,0,0,445,NA,30,0,0,0,0,0,0
"033-182-0907-013-1.pdf",552,1,491,NA,0,0,487,NA,552,1,491,5,0,0,486,NA,0,0,0,NA,0,0,-1
"034-184-0917-010-1.pdf",495,2,476,4,0,0,471,NA,495,2,476,5,0,0,471,NA,0,0,0,1,0,0,0
"034-184-0918-019-3.pdf",714,2,498,4,0,0,495,NA,714,2,498,3,0,0,495,NA,0,0,0,-1,0,0,0
"034-184-0918-020-1.pdf",585,1,574,1,0,0,573,NA,585,0,574,1,0,0,573,NA,0,-1,0,0,0,0,0
"034-184-0919-043-1.pdf",236,0,230,1,0,0,230,NA,236,0,230,1,0,0,229,NA,0,0,0,0,0,0,-1
"034-185-0922-014-2.pdf",646,2,NA,0,0,0,489,NA,646,2,491,2,0,0,489,NA,0,0,NA,2,0,0,0
"034-185-0922-016-3.pdf",966,2,760,6,0,0,755,NA,966,2,755,0,0,0,755,NA,0,0,-5,-6,0,0,0
"034-185-0922-016-9.pdf",973,2,781,1,0,0,778,NA,973,2,779,1,0,0,778,NA,0,0,-2,0,0,0,0
"034-185-0923-019-8.pdf",759,1,602,6,0,0,NA,NA,759,1,601,5,0,0,596,NA,0,0,-1,-1,0,0,NA
"034-186-0926-009-1.pdf",149,1,186,0,0,0,136,NA,149,1,187,0,0,0,137,NA,0,0,1,0,0,0,1
"034-186-0930-102-1.pdf",439,1,418,0,0,0,418,NA,439,2,418,0,0,0,418,NA,0,1,0,0,0,0,0
"034-187-0932-033-1.pdf",133,0,132,0,0,0,131,NA,133,1,131,0,0,0,131,NA,0,1,-1,0,0,0,0
"034-187-0933-050-3.pdf",565,1,NA,3,0,0,446,NA,565,1,449,3,0,0,446,NA,0,0,NA,0,0,0,0
"035-188-0936-005-1.pdf",485,0,433,2,0,0,435,NA,485,0,433,2,0,0,433,NA,0,0,0,0,0,0,-2
"035-188-0937-023-1.pdf",NA,0,NA,1,0,0,445,NA,494,0,452,1,0,0,445,NA,NA,0,NA,0,0,0,0
"035-188-0938-058-1.pdf",222,0,NA,NA,0,0,164,NA,222,0,170,6,0,0,164,NA,0,0,NA,NA,0,0,0
"035-189-0942-048-1.pdf",531,0,451,4,0,0,4443,NA,531,0,451,4,0,0,4443,NA,0,0,0,0,0,0,0
"035-189-0943-080-1.pdf",453,NA,NA,6,0,0,419,NA,453,1,420,5,0,0,415,NA,0,NA,NA,-1,0,0,-4
"035-190-0947-051-4.pdf",800,0,795,4,0,0,800,NA,800,0,795,5,0,0,800,NA,0,0,0,1,0,0,0
"035-190-0949-074-1.pdf",223,1,205,5,0,0,200,NA,223,1,210,5,0,0,205,NA,0,0,5,0,0,0,5
"035-191-0951-020-1.pdf",222,0,200,0,0,0,197,NA,222,0,197,0,0,0,197,"Mispelled 'school'. Did not correct",0,0,-3,0,0,0,0
"035-191-0953-060-1.pdf",376,1,339,2,0,0,339,NA,376,1,338,0,0,0,338,NA,0,0,-1,-2,0,0,-1
"035-191-0956-120-1.pdf",733,0,616,3,0,0,611,NA,733,0,616,5,0,0,611,NA,0,0,0,2,0,0,0
"035-192-0957-002-1.pdf",562,12,511,0,0,0,511,NA,562,12,511,2,0,0,509,NA,0,0,0,2,0,0,-2
"035-192-0957-006-1.pdf",518,8,489,1,0,0,480,NA,518,8,481,1,0,0,480,NA,0,0,-8,0,0,0,0
"035-192-0958-015-1.pdf",372,0,350,0,0,0,350,NA,372,0,350,1,0,0,349,NA,0,0,0,1,0,0,-1
"035-192-0958-032-1.pdf",798,2,NA,2,0,0,NA,NA,798,2,706,2,0,0,702,NA,0,0,NA,0,0,0,NA
"036-194-0968-084-1.pdf",150,1,139,3,0,0,136,NA,150,1,139,3,0,0,136,NA,0,0,0,0,0,0,0
"036-197-0985-073-1.pdf",719,0,682,8,0,0,674,NA,719,0,682,8,0,0,674,NA,0,0,0,0,0,0,0
"037-199-0994-045-1.pdf",595,3,509,6,0,0,503,NA,595,3,509,7,0,0,502,NA,0,0,0,1,0,0,-1
"037-201-1003-013-1.pdf",577,1,487,4,0,0,487,NA,577,1,487,4,0,0,483,NA,0,0,0,0,0,0,-4
"037-202-1014-089-1.pdf",649,0,577,NA,0,0,567,NA,649,0,577,10,0,0,567,NA,0,0,0,NA,0,0,0
"037-202-1014-097-1.pdf",626,3,3,3,0,0,539,NA,626,3,542,3,0,0,539,NA,0,0,539,0,0,0,0
"037-203-1016-021-1.pdf",242,2,222,4,0,0,216,NA,242,2,220,4,0,0,216,NA,0,0,-2,0,0,0,0
"037-204-1023-045-1.pdf",642,0,582,5,0,0,582,NA,642,0,582,5,0,0,577,NA,0,0,0,0,0,0,-5
"037-205-1025-036-1.pdf",459,0,416,4,0,0,412,NA,459,0,417,5,0,0,412,NA,0,0,1,1,0,0,0
"037-206-1031-048-1.pdf",502,2,445,8,0,0,437,NA,502,2,445,8,0,0,437,NA,0,0,0,0,0,0,0
"037-206-1031-050-1.pdf",470,2,NA,14,0,0,418,NA,470,0,428,10,0,0,418,NA,0,-2,NA,-4,0,0,0
"037-207-1033-031-2.pdf",451,0,385,1,0,0,384,NA,451,1,385,1,0,0,384,NA,0,1,0,0,0,0,0
"037-208-1040-061-1.pdf",385,0,325,5,0,0,320,NA,385,0,325,5,0,0,319,NA,0,0,0,0,0,0,-1
"037-209-1043-045-1.pdf",266,1,215,3,0,0,212,NA,266,1,216,3,0,0,213,NA,0,0,1,0,0,0,1
"037-209-1045-069-1.pdf",634,0,492,5,0,0,492,NA,634,0,492,5,0,0,487,NA,0,0,0,0,0,0,-5
"037-210-1047-008-1.pdf",410,0,310,5,0,0,306,NA,410,0,310,4,0,0,306,NA,0,0,0,-1,0,0,0
"037-210-1047-011-1.pdf",663,0,529,1,0,0,518,NA,663,0,511,1,0,0,518,NA,0,0,-18,0,0,0,0
"038-211-1054-047-1.pdf",750,NA,588,NA,0,0,NA,NA,750,0,588,9,0,0,579,NA,0,NA,0,NA,0,0,NA
"038-213-1064-051-2.pdf",498,1,399,12,0,0,387,NA,498,1,419,12,0,0,407,NA,0,0,20,0,0,0,20
"038-213-1065-063-1.pdf",344,2,NA,4,0,0,285,NA,344,2,289,4,0,0,285,NA,0,0,NA,0,0,0,0
"038-213-1066-080-1.pdf",NA,6,509,22,0,0,487,NA,NA,6,507,20,0,0,487,NA,NA,0,-2,-2,0,0,0
"038-213-1067-085-1.pdf",733,NA,609,0,0,0,609,NA,733,NA,609,13,0,0,609,NA,0,NA,0,13,0,0,0
"038-213-1067-087-1.pdf",616,1,501,10,0,0,490,NA,616,1,501,10,0,0,491,NA,0,0,0,0,0,0,1
"038-214-1070-029-2.pdf",419,1,351,1,0,0,343,NA,419,1,351,6,0,0,345,NA,0,0,0,5,0,0,2
"038-214-1072-058-1.pdf",532,0,440,1,0,0,440,NA,532,0,441,1,0,0,440,NA,0,0,1,0,0,0,0
"039-216-1080-083-1.pdf",523,2,563,5,0,0,450,NA,523,2,459,3,0,0,450,NA,0,0,-104,-2,0,0,0
"039-217-1082-001-1.pdf",583,2,492,7,0,0,492,NA,583,2,492,6,0,0,486,NA,0,0,0,-1,0,0,-6
"039-217-1083-030-1.pdf",359,3,323,0,0,0,320,NA,359,3,320,0,0,0,317,NA,0,0,-3,0,0,0,-3
"039-217-1084-075-1.pdf",121,0,103,3,0,0,100,NA,121,0,103,2,0,0,101,NA,0,0,0,-1,0,0,1
"039-217-1084-076-1.pdf",132,1,122,7,0,0,114,NA,132,1,121,7,0,0,114,NA,0,0,-1,0,0,0,0
"039-219-1089-009-1.pdf",489,0,436,6,0,0,430,NA,489,0,440,6,0,0,434,NA,0,0,4,0,0,0,4
"039-219-1093-053-1.pdf",468,1,422,10,0,0,414,NA,468,1,422,10,0,0,412,NA,0,0,0,0,0,0,-2
"039-219-1094-066-1.pdf",375,1,322,5,0,0,317,NA,375,1,322,5,0,0,317,NA,0,0,0,0,0,0,0
"039-219-1095-092-1.pdf",523,1,NA,0,0,0,431,NA,523,1,431,0,0,0,431,NA,0,0,NA,0,0,0,0
"039-220-1096-009-1.pdf",630,1,540,5,0,0,534,NA,630,1,539,5,0,0,534,NA,0,0,-1,0,0,0,0
"039-221-1105-043-1.pdf",168,2,149,1,0,0,149,NA,168,2,149,1,0,0,146,NA,0,0,0,0,0,0,-3
"039-223-1114-049-1.pdf",NA,NA,NA,NA,NA,NA,NA,NA,93,1,79,3,0,0,76,NA,NA,NA,NA,NA,NA,NA,NA
"039-224-1115-010-1.pdf",170,1,NA,0,0,0,134,NA,170,1,134,0,0,0,134,NA,0,0,NA,0,0,0,0
"039-224-1116-029-1.pdf",745,1,611,17,0,0,576,NA,745,1,611,15,0,0,596,NA,0,0,0,-2,0,0,20
"039-224-1116-032-1.pdf",433,0,371,8,0,0,371,NA,433,0,371,8,0,0,363,"This one has two streams (?)",0,0,0,0,0,0,-8
"039-224-1116-050-1.pdf",394,1,328,3,0,0,328,NA,394,1,328,3,0,0,325,NA,0,0,0,0,0,0,-3
"039-224-1120-107-1.pdf",344,2,300,NA,0,0,297,NA,344,2,300,3,0,0,297,NA,0,0,0,NA,0,0,0
"040-226-1127-001-2.pdf",539,2,476,6,0,0,477,NA,539,2,476,6,0,0,470,NA,0,0,0,0,0,0,-7
"040-226-1128-037-1.pdf",602,0,520,0,0,0,518,NA,602,0,520,1,0,0,519,NA,0,0,0,1,0,0,1
"040-229-1145-051-1.pdf",445,0,405,2,0,0,402,NA,445,0,404,2,0,0,402,NA,0,0,-1,0,0,0,0
"040-230-1148-022-1.pdf",633,8,554,4,0,0,546,NA,633,8,550,4,0,0,546,NA,0,0,-4,0,0,0,0
"040-230-1150-045-1.pdf",420,0,407,NA,0,0,400,NA,420,0,407,7,0,0,400,NA,0,0,0,NA,0,0,0
"040-230-1150-053-1.pdf",570,5,531,0,0,0,530,NA,570,5,526,0,0,0,526,NA,0,0,-5,0,0,0,-4
"041-232-1156-009-1.pdf",715,0,NA,2,0,0,654,NA,715,0,656,2,0,0,654,NA,0,0,NA,0,0,0,0
"041-233-1160-006-2.pdf",449,2,NA,NA,0,0,413,NA,449,2,414,1,0,0,413,NA,0,0,NA,NA,0,0,0
"041-234-1164-021-1.pdf",474,0,444,0,0,1,NA,NA,474,1,444,1,0,0,443,NA,0,1,0,1,0,-1,NA
"041-234-1164-029-1.pdf",632,2,601,2,0,0,NA,NA,632,2,601,2,0,0,599,NA,0,0,0,0,0,0,NA
"041-236-1178-062-1.pdf",612,6,14,14,0,1,549,NA,612,6,564,14,0,1,549,NA,0,0,550,0,0,0,0
"041-237-1182-035-1.pdf",553,1,502,3,0,0,499,NA,1106,1,1014,6,0,0,1008,"Stream was 'A'. Taken as a 1. Numbers are weird. Used red as final and black as original",553,0,512,3,0,0,509
"042-238-1186-013-1.pdf",502,2,449,3,0,0,449,NA,502,2,449,3,0,0,446,NA,0,0,0,0,0,0,-3
"042-238-1190-037-1.pdf",535,1,448,1,0,0,446,NA,535,1,447,1,0,0,446,NA,0,0,-1,0,0,0,0
"042-239-1191-005-1.pd",509,0,468,NA,0,0,468,NA,509,0,468,2,0,0,466,NA,0,0,0,NA,0,0,-2
"042-239-1192-020-1.pdf",713,7,608,17,0,0,589,NA,713,7,606,17,0,0,589,NA,0,0,-2,0,0,0,0
"042-240-1196-011-3.pdf",NA,0,547,0,0,0,541,NA,668,0,547,6,0,0,541,NA,NA,0,0,6,0,0,0
"042-240-1197-014-1.pdf",625,3,NA,0,0,0,612,NA,625,3,612,0,0,0,609,NA,0,0,NA,0,0,0,-3
"042-240-1199-025-5.pdf",734,0,694,5,0,0,694,NA,734,0,694,5,0,0,689,NA,0,0,0,0,0,0,-5
"042-240-1200-042-2.pdf",678,1,562,5,0,557,557,NA,678,1,562,5,0,0,557,NA,0,0,0,0,0,-557,0
"042-242-1209-068-1.pdf",449,1,430,0,0,0,423,NA,449,1,423,0,0,0,423,NA,0,0,-7,0,0,0,0
"042-243-1215-070-1.pdf",615,3,566,0,0,0,566,NA,615,3,566,0,0,0,566,NA,0,0,0,0,0,0,0
"042-243-1215-087-1.pdf",560,4,385,1,0,0,484,NA,560,4,485,1,0,0,484,NA,0,0,100,0,0,0,0
"042-244-1218-057-1.pdf",412,2,405,0,0,0,403,NA,412,2,403,0,0,0,403,NA,0,0,-2,0,0,0,0
"043-247-1236-145-1.pdf",366,0,357,2,0,0,357,NA,366,0,357,2,0,0,355,NA,0,0,0,0,0,0,-2
"043-249-1242-024-1.pdf",284,0,264,0,0,0,264,NA,284,1,264,0,0,0,264,NA,0,1,0,0,0,0,0
"043-250-1245-006-1.pdf",486,0,476,0,0,0,475,NA,486,0,476,1,0,0,475,NA,0,0,0,1,0,0,0
"043-250-1245-024-1.pdf",217,0,203,1,0,0,203,NA,217,0,203,1,0,0,202,NA,0,0,0,0,0,0,-1
"043-251-1253-035-1.pdf",445,0,404,1,0,0,405,NA,445,0,405,1,0,0,404,NA,0,0,1,0,0,0,-1
"044-253-1262-019-1.pdf",686,7,678,10,0,0,671,NA,686,0,678,7,0,0,671,NA,0,-7,0,-3,0,0,0
"044-255-1270-014-1.pdf",708,1,NA,3,0,0,615,NA,708,1,614,3,0,0,611,NA,0,0,NA,0,0,0,-4
"044-255-1271-034-1.pdf",487,0,437,4,0,0,430,NA,487,0,434,4,0,0,430,NA,0,0,-3,0,0,0,0
"044-256-1275-032-1.pdf",555,2,492,3,0,0,487,NA,555,2,490,3,0,0,487,NA,0,0,-2,0,0,0,0
"045-262-1308-075-1.pdf",246,0,198,3,0,0,195,NA,246,0,197,3,0,0,194,NA,0,0,-1,0,0,0,-1
"045-268-1338-029-1.pdf",302,1,263,6,0,0,258,NA,302,1,264,6,0,0,258,NA,0,0,1,0,0,0,0
"046-270-1347-037-1.pdf",501,1,NA,NA,0,0,415,NA,501,1,424,6,0,0,418,NA,0,0,NA,NA,0,0,3
"046-270-1349-065-1.pdf",706,0,635,NA,0,0,628,NA,706,0,635,7,0,0,628,NA,0,0,0,NA,0,0,0
"046-271-1353-020-1.pdf",426,2,358,0,0,0,356,NA,426,2,356,0,0,0,356,NA,0,0,-2,0,0,0,0
"046-272-1359-034-1.pdf",406,3,407,10,0,0,396,NA,406,3,406,10,0,0,396,NA,0,0,-1,0,0,0,0
"046-272-1360-049-1.pdf",457,3,419,2,0,0,412,NA,457,3,412,2,0,0,412,NA,0,0,-7,0,0,0,0
"046-272-1361-065-1.pdf",0,4,553,7,0,0,548,NA,638,3,555,7,0,0,548,NA,638,-1,2,0,0,0,0
"047-274-1366-003-1.pdf",736,0,663,6,0,0,658,NA,736,0,664,6,0,0,658,NA,0,0,1,0,0,0,0
"047-274-1368-018-4.pdf",NA,3,668,1,0,0,NA,NA,NA,3,669,1,0,0,NA,"The first line is just empty. I put it down as NA",NA,0,1,0,0,0,NA
"047-274-1369-021-7.pdf",741,2,569,4,0,0,565,NA,741,2,570,4,0,0,565,NA,0,0,1,0,0,0,0
"047-274-1369-021-8.pdf",841,2,671,1,0,0,670,NA,741,2,671,1,0,0,670,NA,-100,0,0,0,0,0,0
"047-274-1370-023-9.pdf",778,1,678,0,0,0,678,NA,778,1,679,0,0,0,679,NA,0,0,1,0,0,0,1
"047-275-1371-002-2.pdf",683,2,590,2,0,0,586,NA,683,2,588,2,0,0,586,NA,0,0,-2,0,0,0,0
"047-275-1373-011-10.pdf",787,3,594,3,0,0,591,NA,787,0,595,3,0,0,592,NA,0,-3,1,0,0,0,1
"047-275-1374-015-2.pdf",2449,0,450,1,0,0,449,NA,613,0,450,1,0,0,449,NA,-1836,0,0,0,0,0,0
"047-275-1374-017-1.pdf",597,2,NA,1,0,0,531,NA,597,2,534,1,0,0,533,NA,0,0,NA,0,0,0,2
"047-276-1378-011-4.pdf",794,NA,690,NA,0,0,686,NA,794,3,690,4,0,0,686,NA,0,NA,0,NA,0,0,0
"047-276-1379-014-7.pdf",715,1,630,0,0,0,631,NA,715,0,630,0,0,0,630,NA,0,-1,0,0,0,0,-1
"047-276-1380-021-2.pdf",698,3,NA,23,0,0,NA,NA,698,3,636,23,0,0,613,NA,0,0,NA,0,0,0,NA
"047-277-1381-003-3.pdf",780,0,618,5,0,0,616,NA,780,2,616,5,0,0,611,NA,0,2,-2,0,0,0,-5
"047-277-1384-027-5.pdf",726,4,NA,2,0,0,607,NA,726,4,607,2,0,0,607,NA,0,0,NA,0,0,0,0
"047-277-1385-031-5.pdf",654,NA,480,5,0,0,475,NA,654,2,480,5,0,0,475,NA,0,NA,0,0,0,0,0
"047-278-1387-003-2.pdf",NA,5,449,2,0,0,447,NA,720,5,449,2,0,0,447,NA,NA,0,0,0,0,0,0
"047-278-1388-010-3.pdf",757,1,NA,6,0,0,611,NA,757,2,617,6,0,0,611,NA,0,1,NA,0,0,0,0
"047-278-1390-019-5.pdf",789,0,653,5,0,0,653,NA,789,0,653,5,0,0,648,NA,0,0,0,0,0,0,-5
"047-278-1390-020-6.pdf",759,1,753,4,0,NA,753,NA,759,1,757,4,0,0,753,NA,0,0,4,0,0,NA,0
"047-279-1391-001-9.pdf",917,2,752,17,0,0,734,NA,917,2,752,18,0,0,734,NA,0,0,0,1,0,0,0
"047-279-1391-002-1.pdf",NA,0,NA,4,0,0,766,NA,916,0,770,4,0,0,766,NA,NA,0,NA,0,0,0,0
"047-279-1392-004-1.pdf",770,1,694,3,0,0,694,NA,770,1,694,3,0,0,591,NA,0,0,0,0,0,0,-103
"047-279-1392-009-1.pdf",699,1,474,2,0,0,471,NA,699,1,474,4,0,0,470,NA,0,0,0,2,0,0,-1
"047-279-1394-015-1.pdf",785,3,718,1,0,0,713,NA,785,3,714,1,0,0,713,NA,0,0,-4,0,0,0,0
"047-279-1394-017-8.pdf",1158,3,676,14,0,0,662,NA,706,3,676,14,0,0,662,NA,-452,0,0,0,0,0,0
"047-280-1396-002-8.pdf",768,1,670,18,0,0,651,NA,768,1,669,18,0,0,651,NA,0,0,-1,0,0,0,0
"047-280-1397-005-3.pdf",688,1,706,2,0,0,699,NA,688,1,704,2,0,0,702,NA,0,0,-2,0,0,0,3
"047-280-1397-008-5.pdf",NA,NA,NA,NA,NA,NA,NA,NA,782,1,661,3,0,0,658,NA,NA,NA,NA,NA,NA,NA,NA
"047-280-1398-009-4.pdf",763,1,729,30,0,0,698,NA,763,1,728,30,0,0,698,NA,0,0,-1,0,0,0,0
"047-280-1400-019-5.pdf",737,1,641,10,0,0,628,NA,737,1,641,13,0,0,628,NA,0,0,0,3,0,0,0
"047-281-1402-005-5.pdf",921,3,704,3,0,0,707,NA,921,3,707,3,0,0,704,NA,0,0,3,0,0,0,-3
"047-281-1405-015-7.pdf",785,NA,788,0,0,0,788,NA,783,3,788,0,0,0,788,NA,-2,NA,0,0,0,0,0
"047-282-1406-001-8.pdf",NA,3,712,4,0,0,708,NA,748,3,712,4,0,0,708,NA,NA,0,0,0,0,0,0
"047-282-1410-013-11.pdf",742,2,529,2,0,0,547,NA,742,2,549,2,0,0,547,NA,0,0,20,0,0,0,0
"047-282-1410-013-6.pdf",742,NA,566,3,0,0,563,NA,742,NA,566,3,0,0,563,NA,0,NA,0,0,0,0,0
"047-283-1411-004-1.pdf",769,1,674,7,0,0,674,NA,769,1,673,7,0,0,666,NA,0,0,-1,0,0,0,-8
"047-283-1411-004-3.pdf",770,3,694,3,0,0,691,NA,770,3,695,3,0,0,692,NA,0,0,1,0,0,0,1
"047-283-1413-008-6.pdf",789,2,621,6,0,0,615,NA,789,2,625,6,0,0,619,NA,0,0,4,0,0,0,4
"047-283-1415-012-2.pdf",763,2,670,2,0,0,666,NA,763,0,670,4,0,0,666,NA,0,-2,0,2,0,0,0
"047-283-1415-014-11.pdf",751,3,639,3,0,0,636,NA,751,0,639,3,0,0,636,NA,0,-3,0,0,0,0,0
"047-283-1415-014-2.pdf",752,3,NA,4,0,0,599,NA,752,3,604,5,0,0,599,NA,0,0,NA,1,0,0,0
"047-283-1415-014-4.pdf",751,4,602,0,0,0,598,NA,751,0,602,4,0,0,598,NA,0,-4,0,4,0,0,0
"047-284-1418-006-10.pdf",743,5,643,3,0,0,643,NA,743,5,643,3,0,0,640,NA,0,0,0,0,0,0,-3
"047-284-1419-008-9.pdf",992,0,824,4,0,0,819,NA,992,0,824,5,0,0,819,NA,0,0,0,1,0,0,0
"047-285-1421-001-3.pdf",974,0,779,3,0,0,771,NA,974,0,774,3,0,0,771,NA,0,0,-5,0,0,0,0
"047-285-1423-006-2.pdf",724,2,592,5,0,0,587,NA,724,2,592,7,0,0,585,NA,0,0,0,2,0,0,-2
"047-285-1423-007-11.pdf",959,1,709,3,0,0,707,NA,959,1,709,3,0,0,706,NA,0,0,0,0,0,0,-1
"047-285-1423-007-8.pdf",959,4,718,4,0,0,704,NA,959,4,708,4,0,0,704,NA,0,0,-10,0,0,0,0
"047-285-1424-008-11.pdf",798,1,596,3,0,0,593,NA,778,1,596,3,0,0,593,NA,-20,0,0,0,0,0,0
"047-285-1424-008-7.pdf",779,0,624,4,0,0,619,NA,779,0,623,4,0,0,619,NA,0,0,-1,0,0,0,0
"047-286-1426-001-11.pdf",975,2,NA,4,0,0,815,NA,975,2,820,5,0,0,815,NA,0,0,NA,1,0,0,0
"047-286-1426-001-23.pdf",975,1,762,1,0,0,762,NA,975,1,762,1,0,0,761,NA,0,0,0,0,0,0,-1
"047-286-1427-003-4.pdf",950,3,820,1,0,0,818,NA,950,3,819,1,0,0,818,NA,0,0,-1,0,0,0,0
"047-286-1427-005-4.pdf",NA,0,628,6,0,622,622,NA,737,0,628,6,0,0,622,NA,NA,0,0,0,0,-622,0
"047-286-1429-007-17.pdf",945,1,764,3,0,0,760,NA,945,1,764,4,0,0,760,NA,0,0,0,1,0,0,0
"047-286-1429-008-3.pdf",632,7,NA,NA,0,0,530,NA,632,7,530,0,0,0,530,NA,0,0,NA,NA,0,0,0
"047-287-1430-002-6.pdf",731,2,626,1,0,0,626,NA,731,2,628,1,0,0,627,NA,0,0,2,0,0,0,1
"047-287-1430-003-4.pdf",730,1,611,4,0,0,617,NA,730,1,622,5,0,0,617,NA,0,0,11,1,0,0,0
"047-287-1431-009-8.pdf",720,0,564,5,0,0,564,NA,720,0,554,5,0,0,559,NA,0,0,-10,0,0,0,-5
"047-287-1431-011-5.pdf",681,0,NA,0,0,0,466,NA,681,0,472,6,0,0,466,NA,0,0,NA,6,0,0,0
"047-287-1432-015-4.pdf",996,3,796,4,0,0,792,NA,996,3,800,8,0,0,792,NA,0,0,4,4,0,0,0
"047-287-1432-018-2.pdf",792,1,694,0,0,0,694,NA,792,1,695,1,0,0,694,NA,0,0,1,1,0,0,0
"047-287-1433-019-1.pdf",754,8,642,0,0,0,632,NA,754,8,632,0,0,0,632,NA,0,0,-10,0,0,0,0
"047-288-1434-004-3.pdf",616,1,NA,2,0,0,478,NA,616,1,481,2,0,0,479,NA,0,0,NA,0,0,0,1
"047-288-1435-008-4.pdf",798,1,NA,0,0,0,551,NA,798,1,556,3,0,0,553,NA,0,0,NA,3,0,0,2
"047-288-1435-008-9.pdf",798,0,426,9,0,0,416,NA,798,0,424,8,0,0,416,NA,0,0,-2,-1,0,0,0
"047-288-1435-009-11.pdf",910,NA,650,5,0,0,645,NA,910,10,650,5,0,0,645,NA,0,NA,0,0,0,0,0
"047-288-1435-010-1.pdf",753,2,636,4,0,0,630,NA,753,2,634,4,0,0,630,NA,0,0,-2,0,0,0,0
"047-289-1439-001-1.pdf",977,7,794,7,0,0,787,NA,977,7,794,7,0,0,787,NA,0,0,0,0,0,0,0
"047-289-1439-001-10.pdf",977,1,798,1,0,0,798,NA,977,1,799,1,0,0,798,NA,0,0,1,0,0,0,0
"047-289-1439-003-5.pdf",765,0,590,2,0,0,588,NA,765,0,590,2,0,0,587,NA,0,0,0,0,0,0,-1
"047-289-1441-014-4.pdf",675,1,584,6,0,0,NA,NA,675,1,584,6,0,0,578,NA,0,0,0,0,0,0,NA
"047-289-1443-021-3.pdf",707,0,707,7,0,0,542,NA,707,0,549,7,0,0,542,NA,0,0,-158,0,0,0,0
"047-289-1444-022-7.pdf",764,6,629,NA,0,0,622,NA,764,1,629,7,0,0,622,NA,0,-5,0,NA,0,0,0
"047-290-1446-002-1.pdf",726,NA,567,1,0,0,568,NA,726,8,567,1,0,0,567,NA,0,NA,0,0,0,0,-1
"047-290-1448-008-1.pdf",749,0,559,1,0,0,553,NA,749,0,559,6,0,0,553,NA,0,0,0,5,0,0,0
"047-290-1450-011-6.pdf",724,2,646,3,0,0,642,NA,724,2,646,4,0,0,642,NA,0,0,0,1,0,0,0
"047-290-1450-012-6.pdf",675,28,549,22,0,0,526,NA,675,28,549,24,0,0,525,NA,0,0,0,2,0,0,-1
